2025-08-01 12:16:50,inovedia,D:\\IRFAN\\GitHub\\tools-website\\1.ultimate-tools\\tools\\qr-generator/qrcodes/text/txt_688cb0322075d.png
2025-08-01 12:18:24,inovedia,D:\\IRFAN\\GitHub\\tools-website\\1.ultimate-tools\\tools\\qr-generator/qrcodes/text/txt_688cb0900a516.png
2025-08-01 12:18:44,inovedia,D:\\IRFAN\\GitHub\\tools-website\\1.ultimate-tools\\tools\\qr-generator/qrcodes/text/txt_688cb0a484a7b.png
2025-08-01 12:20:33,inovedia,D:\\IRFAN\\GitHub\\tools-website\\1.ultimate-tools\\tools\\qr-generator/qrcodes/text/txt_688cb11108fba.png
2025-08-01 12:23:38,inovedia,D:\\IRFAN\\GitHub\\tools-website\\1.ultimate-tools\\tools\\qr-generator/qrcodes/text/txt_688cb1ca876fb.png
2025-08-01 12:59:16,inovedia,D:\\IRFAN\\GitHub\\tools-website\\1.ultimate-tools\\tools\\qr-generator/qrcodes/text/txt_688cba23179f4.png
2025-08-01 13:01:34,inovedia,D:\\IRFAN\\GitHub\\tools-website\\1.ultimate-tools\\tools\\qr-generator/qrcodes/text/txt_688cbaae7c9ba.png
2025-08-05 14:52:42,inovedia,D:\\IRFAN\\GitHub\\tools-website\\1.ultimate-tools\\tools\\qr-generator/qrcodes/text/txt_68921ab96a886.png
2025-08-05 18:13:14,inovedia,D:\\IRFAN\\GitHub\\tools-website\\1.ultimate-tools\\tools\\qr-generator/qrcodes/text/txt_689249ba3a86c.png
2025-08-05 18:13:14,inovedia,D:\\IRFAN\\GitHub\\tools-website\\1.ultimate-tools\\tools\\qr-generator/qrcodes/text/txt_689249ba7492b.png
